<?xml version="1.0" encoding="UTF-8"?>
<beans xmlns="http://www.springframework.org/schema/beans"
	xmlns:xsi="http://www.w3.org/2001/XMLSchema-instance"
	xmlns:context="http://www.springframework.org/schema/context"
	xmlns:p="http://www.springframework.org/schema/p"
	xsi:schemaLocation="http://www.springframework.org/schema/beans http://www.springframework.org/schema/beans/spring-beans.xsd http://www.springframework.org/schema/context http://www.springframework.org/schema/context/spring-context.xsd">

	<bean name="custumer" class="com.bharath.spring.springcore.map.Customer" >
		
		<property name="id" value="123"> </property>
		
		<property name="products">
			<map>
				<entry key="1" value="apple" />
				<entry key="2" value="mango" />
			</map>
		</property>
	
	</bean>


</beans>