<beans xmlns="http://www.springframework.org/schema/beans"
	xmlns:xsi="http://www.w3.org/2001/XMLSchema-instance"
	xmlns:context="http://www.springframework.org/schema/context"
	xmlns:p="http://www.springframework.org/schema/p"
	xsi:schemaLocation="http://www.springframework.org/schema/beans http://www.springframework.org/schema/beans/spring-beans.xsd http://www.springframework.org/schema/context http://www.springframework.org/schema/context/spring-context.xsd">

	<bean name="countAndLang" class="com.bharath.spring.springcore.properties.CountriesAndLanguages">
	
		<property name="countryAndLangs">
			<props>
				<prop key="USA">English</prop>
				<prop key="INDIA">Hindi</prop>
			</props>
		</property>
		
	</bean>


</beans>